question,generated_answer,reference_answer,retrieved_contexts,metadata,ragas_answer_relevancy,ragas_faithfulness,bertscore_precision,bertscore_recall,bertscore_f1,execution_time,tokens_per_second,cost_estimate,total_tokens,prompt_tokens,completion_tokens
Was ist die DSGVO und wann trat sie in Kraft?,"Die Datenschutz-Grundverordnung (DSGVO) ist eine Verordnung der Europäischen Union, die den Schutz natürlicher Personen bei der Verarbeitung personenbezogener Daten und den freien Datenverkehr regelt. Sie trat am 25. Mai 2018 in Kraft.","Die DSGVO (Datenschutz-Grundverordnung) ist eine EU-Verordnung zum Schutz personenbezogener Daten, die am 25. Mai 2018 in Kraft getreten ist.","['Datenschutz-Grundverordnung (DSGVO) - Überblick\n\nDie Datenschutz-Grundverordnung (DSGVO) ist eine Verordnung der Europäischen Union, die am 25. Mai 2018 in Kraft getreten ist. Sie regelt den Schutz natürlicher Personen bei der Verarbeitung personenbezogener Daten und den freien Datenverkehr.\n\nGrundsätze der Datenverarbeitung\n\nDie DSGVO definiert sieben grundlegende Prinzipien für die Verarbeitung personenbezogener Daten:\n\n1. Rechtmäßigkeit, Verarbeitung nach Treu und Glauben, Transparenz\n2. Zweckbindung\n3. Datenminimierung\n4. Richtigkeit\n5. Speicherbegrenzung\n6. Integrität und Vertraulichkeit\n7. Rechenschaftspflicht\n\nRechte der betroffenen Personen\n\nDie DSGVO gewährt betroffenen Personen umfassende Rechte:\n\nRecht auf Auskunft (Artikel 15): Betroffene haben das Recht zu erfahren, ob personenbezogene Daten verarbeitet werden und welche Daten das sind.\n\nRecht auf Berichtigung (Artikel 16): Unrichtige personenbezogene Daten müssen unverzüglich berichtigt werden.\n\nRecht auf Löschung (Artikel 17): Das ""Recht auf Vergessenwerden"" ermöglicht die Löschung personenbezogener Daten unter bestimmten Umständen.\n\nRecht auf Einschränkung der Verarbeitung (Artikel 18): Die Verarbeitung kann in bestimmten Fällen eingeschränkt werden.\n\nRecht auf Datenübertragbarkeit (Artikel 20): Daten müssen in einem strukturierten, gängigen und maschinenlesbaren Format zur Verfügung gestellt werden.\n\nRecht auf Widerspruch (Artikel 21): Betroffene können der Verarbeitung ihrer Daten widersprechen.\n\nRechtsgrundlagen für die Datenverarbeitung\n\nDie DSGVO erlaubt die Verarbeitung personenbezogener Daten nur, wenn eine der folgenden Rechtsgrundlagen vorliegt:\n\na) Einwilligung der betro', ', gängigen und maschinenlesbaren Format zur Verfügung gestellt werden.\n\nRecht auf Widerspruch (Artikel 21): Betroffene können der Verarbeitung ihrer Daten widersprechen.\n\nRechtsgrundlagen für die Datenverarbeitung\n\nDie DSGVO erlaubt die Verarbeitung personenbezogener Daten nur, wenn eine der folgenden Rechtsgrundlagen vorliegt:\n\na) Einwilligung der betroffenen Person\nb) Vertragserfüllung\nc) Rechtliche Verpflichtung\nd) Schutz lebenswichtiger Interessen\ne) Öffentliches Interesse oder Ausübung öffentlicher Gewalt\nf) Berechtigte Interessen des Verantwortlichen oder eines Dritten\n\nDatenschutz-Folgenabschätzung\n\nEine Datenschutz-Folgenabschätzung (DSFA) ist erforderlich, wenn eine Form der Verarbeitung, insbesondere bei Verwendung neuer Technologien, aufgrund der Art, des Umfangs, der Umstände und der Zwecke der Verarbeitung voraussichtlich ein hohes Risiko für die Rechte und Freiheiten natürlicher Personen zur Folge hat.\n\nDie DSFA muss mindestens enthalten:\n- Eine systematische Beschreibung der geplanten Verarbeitungsvorgänge\n- Eine Bewertung der Notwendigkeit und Verhältnismäßigkeit\n- Eine Bewertung der Risiken für die Rechte und Freiheiten der betroffenen Personen\n- Die zur Bewältigung der Risiken geplanten Abhilfemaßnahmen\n\nBußgelder und Sanktionen\n\nDie DSGVO sieht erhebliche Bußgelder vor:\n\nFür weniger schwere Verstöße: bis zu 10 Millionen Euro oder bis zu 2% des weltweiten Jahresumsatzes des Unternehmens.\n\nFür schwere Verstöße: bis zu 20 Millionen Euro oder bis zu 4% des weltweiten Jahresumsatzes des Unternehmens.\n\nDabei wird jeweils der höhere Betrag angewandt.\n\nAuftragsverarbeitung\n\nWenn personenbezogene Daten im Auftrag verarbeitet werden, muss zwischen dem Verantwortlichen und dem Auftragsverarbeiter ein Vertrag', ' Bewertung und Evaluierung der Wirksamkeit\n\nPrivacy by Design und Privacy by Default\n\nDie DSGVO fordert, dass Datenschutz bereits bei der Entwicklung von Systemen und Verfahren berücksichtigt wird (Privacy by Design) und dass datenschutzfreundliche Voreinstellungen gewählt werden (Privacy by Default).\n\nDatenschutzbeauftragte\n\nUnter bestimmten Umständen müssen Organisationen einen Datenschutzbeauftragten benennen:\n- Öffentliche Stellen (mit Ausnahmen)\n- Kerntätigkeit besteht in umfangreicher Überwachung von betroffenen Personen\n- Kerntätigkeit besteht in umfangreicher Verarbeitung besonderer Kategorien von Daten\n\nMeldepflicht bei Datenschutzverletzungen\n\nDatenschutzverletzungen müssen innerhalb von 72 Stunden nach Bekanntwerden an die zuständige Aufsichtsbehörde gemeldet werden. Bei hohem Risiko für die Rechte und Freiheiten natürlicher Personen müssen auch die betroffenen Personen unverzüglich benachrichtigt werden.', ' des weltweiten Jahresumsatzes des Unternehmens.\n\nFür schwere Verstöße: bis zu 20 Millionen Euro oder bis zu 4% des weltweiten Jahresumsatzes des Unternehmens.\n\nDabei wird jeweils der höhere Betrag angewandt.\n\nAuftragsverarbeitung\n\nWenn personenbezogene Daten im Auftrag verarbeitet werden, muss zwischen dem Verantwortlichen und dem Auftragsverarbeiter ein Vertrag geschlossen werden, der bestimmte Mindestangaben enthält und sicherstellt, dass der Auftragsverarbeiter hinreichende Garantien für die Umsetzung geeigneter technischer und organisatorischer Maßnahmen bietet.\n\nInternationale Datenübertragung\n\nDie Übertragung personenbezogener Daten in Drittländer außerhalb der EU ist nur unter bestimmten Voraussetzungen zulässig:\n\n- Angemessenheitsbeschluss der Europäischen Kommission\n- Geeignete Garantien (z.B. Standardvertragsklauseln)\n- Ausnahmen für bestimmte Situationen\n\nTechnische und organisatorische Maßnahmen\n\nVerantwortliche und Auftragsverarbeiter müssen geeignete technische und organisatorische Maßnahmen umsetzen, um ein dem Risiko angemessenes Schutzniveau zu gewährleisten. Dazu gehören:\n\n- Pseudonymisierung und Verschlüsselung personenbezogener Daten\n- Fähigkeit zur Gewährleistung der dauerhaften Vertraulichkeit, Integrität, Verfügbarkeit und Belastbarkeit der Systeme\n- Fähigkeit zur raschen Wiederherstellung der Verfügbarkeit und des Zugangs zu personenbezogenen Daten\n- Verfahren zur regelmäßigen Überprüfung, Bewertung und Evaluierung der Wirksamkeit\n\nPrivacy by Design und Privacy by Default\n\nDie DSGVO fordert, dass Datenschutz bereits bei der Entwicklung von Systemen und Verfahren berücksichtigt wird (Privacy by Design) und dass datenschutzfreundliche Voreinstellungen gewählt werden (Privacy by Default).\n\nDatenschutzbeauftragte\n\nUnter bestimmten Umständen müssen Organisationen einen Datenschutzbeauftragten benennen:\n- Öff']","{'model': 'gpt-4o-mini', 'execution_time': 2.3079659938812256, 'tokens_per_second': 18.024529005318115, 'cost_estimate': 0.00024299999999999994, 'usage': {'prompt_tokens': 1408, 'completion_tokens': 53, 'total_tokens': 1461}, 'category': 'basics'}",0.9314443396230354,1.0,0.7900305390357971,0.8722293972969055,0.8290976285934448,2.3079659938812256,18.024529005318115,0.00024299999999999994,1461,1408,53
Welche Rechte haben betroffene Personen nach der DSGVO?,"Betroffene Personen haben nach der DSGVO folgende Rechte:

1. **Recht auf Auskunft (Artikel 15)**: Betroffene haben das Recht zu erfahren, ob personenbezogene Daten verarbeitet werden und welche Daten das sind.

2. **Recht auf Berichtigung (Artikel 16)**: Unrichtige personenbezogene Daten müssen unverzüglich berichtigt werden.

3. **Recht auf Löschung (Artikel 17)**: Das ""Recht auf Vergessenwerden"" ermöglicht die Löschung personenbezogener Daten unter bestimmten Umständen.

4. **Recht auf Einschränkung der Verarbeitung (Artikel 18)**: Die Verarbeitung kann in bestimmten Fällen eingeschränkt werden.

5. **Recht auf Datenübertragbarkeit (Artikel 20)**: Daten müssen in einem strukturierten, gängigen und maschinenlesbaren Format zur Verfügung gestellt werden.

6. **Recht auf Widerspruch (Artikel 21)**: Betroffene können der Verarbeitung ihrer Daten widersprechen. 

Diese Rechte sind darauf ausgelegt, den Schutz der personenbezogenen Daten und die Kontrolle der betroffenen Personen über ihre eigenen Daten zu gewährleisten.","Betroffene Personen haben unter anderem das Recht auf Auskunft, Berichtigung, Löschung, Einschränkung der Verarbeitung, Datenübertragbarkeit und Widerspruch.","[', gängigen und maschinenlesbaren Format zur Verfügung gestellt werden.\n\nRecht auf Widerspruch (Artikel 21): Betroffene können der Verarbeitung ihrer Daten widersprechen.\n\nRechtsgrundlagen für die Datenverarbeitung\n\nDie DSGVO erlaubt die Verarbeitung personenbezogener Daten nur, wenn eine der folgenden Rechtsgrundlagen vorliegt:\n\na) Einwilligung der betroffenen Person\nb) Vertragserfüllung\nc) Rechtliche Verpflichtung\nd) Schutz lebenswichtiger Interessen\ne) Öffentliches Interesse oder Ausübung öffentlicher Gewalt\nf) Berechtigte Interessen des Verantwortlichen oder eines Dritten\n\nDatenschutz-Folgenabschätzung\n\nEine Datenschutz-Folgenabschätzung (DSFA) ist erforderlich, wenn eine Form der Verarbeitung, insbesondere bei Verwendung neuer Technologien, aufgrund der Art, des Umfangs, der Umstände und der Zwecke der Verarbeitung voraussichtlich ein hohes Risiko für die Rechte und Freiheiten natürlicher Personen zur Folge hat.\n\nDie DSFA muss mindestens enthalten:\n- Eine systematische Beschreibung der geplanten Verarbeitungsvorgänge\n- Eine Bewertung der Notwendigkeit und Verhältnismäßigkeit\n- Eine Bewertung der Risiken für die Rechte und Freiheiten der betroffenen Personen\n- Die zur Bewältigung der Risiken geplanten Abhilfemaßnahmen\n\nBußgelder und Sanktionen\n\nDie DSGVO sieht erhebliche Bußgelder vor:\n\nFür weniger schwere Verstöße: bis zu 10 Millionen Euro oder bis zu 2% des weltweiten Jahresumsatzes des Unternehmens.\n\nFür schwere Verstöße: bis zu 20 Millionen Euro oder bis zu 4% des weltweiten Jahresumsatzes des Unternehmens.\n\nDabei wird jeweils der höhere Betrag angewandt.\n\nAuftragsverarbeitung\n\nWenn personenbezogene Daten im Auftrag verarbeitet werden, muss zwischen dem Verantwortlichen und dem Auftragsverarbeiter ein Vertrag', 'Datenschutz-Grundverordnung (DSGVO) - Überblick\n\nDie Datenschutz-Grundverordnung (DSGVO) ist eine Verordnung der Europäischen Union, die am 25. Mai 2018 in Kraft getreten ist. Sie regelt den Schutz natürlicher Personen bei der Verarbeitung personenbezogener Daten und den freien Datenverkehr.\n\nGrundsätze der Datenverarbeitung\n\nDie DSGVO definiert sieben grundlegende Prinzipien für die Verarbeitung personenbezogener Daten:\n\n1. Rechtmäßigkeit, Verarbeitung nach Treu und Glauben, Transparenz\n2. Zweckbindung\n3. Datenminimierung\n4. Richtigkeit\n5. Speicherbegrenzung\n6. Integrität und Vertraulichkeit\n7. Rechenschaftspflicht\n\nRechte der betroffenen Personen\n\nDie DSGVO gewährt betroffenen Personen umfassende Rechte:\n\nRecht auf Auskunft (Artikel 15): Betroffene haben das Recht zu erfahren, ob personenbezogene Daten verarbeitet werden und welche Daten das sind.\n\nRecht auf Berichtigung (Artikel 16): Unrichtige personenbezogene Daten müssen unverzüglich berichtigt werden.\n\nRecht auf Löschung (Artikel 17): Das ""Recht auf Vergessenwerden"" ermöglicht die Löschung personenbezogener Daten unter bestimmten Umständen.\n\nRecht auf Einschränkung der Verarbeitung (Artikel 18): Die Verarbeitung kann in bestimmten Fällen eingeschränkt werden.\n\nRecht auf Datenübertragbarkeit (Artikel 20): Daten müssen in einem strukturierten, gängigen und maschinenlesbaren Format zur Verfügung gestellt werden.\n\nRecht auf Widerspruch (Artikel 21): Betroffene können der Verarbeitung ihrer Daten widersprechen.\n\nRechtsgrundlagen für die Datenverarbeitung\n\nDie DSGVO erlaubt die Verarbeitung personenbezogener Daten nur, wenn eine der folgenden Rechtsgrundlagen vorliegt:\n\na) Einwilligung der betro', ' Bewertung und Evaluierung der Wirksamkeit\n\nPrivacy by Design und Privacy by Default\n\nDie DSGVO fordert, dass Datenschutz bereits bei der Entwicklung von Systemen und Verfahren berücksichtigt wird (Privacy by Design) und dass datenschutzfreundliche Voreinstellungen gewählt werden (Privacy by Default).\n\nDatenschutzbeauftragte\n\nUnter bestimmten Umständen müssen Organisationen einen Datenschutzbeauftragten benennen:\n- Öffentliche Stellen (mit Ausnahmen)\n- Kerntätigkeit besteht in umfangreicher Überwachung von betroffenen Personen\n- Kerntätigkeit besteht in umfangreicher Verarbeitung besonderer Kategorien von Daten\n\nMeldepflicht bei Datenschutzverletzungen\n\nDatenschutzverletzungen müssen innerhalb von 72 Stunden nach Bekanntwerden an die zuständige Aufsichtsbehörde gemeldet werden. Bei hohem Risiko für die Rechte und Freiheiten natürlicher Personen müssen auch die betroffenen Personen unverzüglich benachrichtigt werden.', ' des weltweiten Jahresumsatzes des Unternehmens.\n\nFür schwere Verstöße: bis zu 20 Millionen Euro oder bis zu 4% des weltweiten Jahresumsatzes des Unternehmens.\n\nDabei wird jeweils der höhere Betrag angewandt.\n\nAuftragsverarbeitung\n\nWenn personenbezogene Daten im Auftrag verarbeitet werden, muss zwischen dem Verantwortlichen und dem Auftragsverarbeiter ein Vertrag geschlossen werden, der bestimmte Mindestangaben enthält und sicherstellt, dass der Auftragsverarbeiter hinreichende Garantien für die Umsetzung geeigneter technischer und organisatorischer Maßnahmen bietet.\n\nInternationale Datenübertragung\n\nDie Übertragung personenbezogener Daten in Drittländer außerhalb der EU ist nur unter bestimmten Voraussetzungen zulässig:\n\n- Angemessenheitsbeschluss der Europäischen Kommission\n- Geeignete Garantien (z.B. Standardvertragsklauseln)\n- Ausnahmen für bestimmte Situationen\n\nTechnische und organisatorische Maßnahmen\n\nVerantwortliche und Auftragsverarbeiter müssen geeignete technische und organisatorische Maßnahmen umsetzen, um ein dem Risiko angemessenes Schutzniveau zu gewährleisten. Dazu gehören:\n\n- Pseudonymisierung und Verschlüsselung personenbezogener Daten\n- Fähigkeit zur Gewährleistung der dauerhaften Vertraulichkeit, Integrität, Verfügbarkeit und Belastbarkeit der Systeme\n- Fähigkeit zur raschen Wiederherstellung der Verfügbarkeit und des Zugangs zu personenbezogenen Daten\n- Verfahren zur regelmäßigen Überprüfung, Bewertung und Evaluierung der Wirksamkeit\n\nPrivacy by Design und Privacy by Default\n\nDie DSGVO fordert, dass Datenschutz bereits bei der Entwicklung von Systemen und Verfahren berücksichtigt wird (Privacy by Design) und dass datenschutzfreundliche Voreinstellungen gewählt werden (Privacy by Default).\n\nDatenschutzbeauftragte\n\nUnter bestimmten Umständen müssen Organisationen einen Datenschutzbeauftragten benennen:\n- Öff']","{'model': 'gpt-4o-mini', 'execution_time': 6.827107667922974, 'tokens_per_second': 24.944677641477824, 'cost_estimate': 0.00034544999999999997, 'usage': {'prompt_tokens': 1407, 'completion_tokens': 224, 'total_tokens': 1631}, 'category': 'rights'}",1.0000000000000004,0.7777777777777778,0.493173211812973,0.7113020420074463,0.5824862122535706,6.827107667922974,24.944677641477824,0.00034544999999999997,1631,1407,224
